{
  "metrics": {
    "roc_auc": 0.9041701419943524,
    "pr_auc": 0.6706139325117282,
    "brier_score": 0.08032241565242619,
    "precision_at_5pct": 0.8373983739837398
  },
  "latency": {
    "avg_inference_ms": 0.0937742903413785,
    "p95_inference_ms": 0.14252500000111468
  }
}