{
  "timestamp": "2026-01-27T13:52:24.794323",
  "dataset": {
    "name": "UCI Online Shoppers Purchasing Intention",
    "samples": 12330,
    "features": 17,
    "target": "Revenue",
    "test_size": 0.2
  },
  "models": [
    {
      "model": "Logistic Regression",
      "auc_roc": 0.872678648591613,
      "f1": 0.619750283768445,
      "precision": 0.5470941883767535,
      "recall": 0.7146596858638743
    },
    {
      "model": "XGBoost",
      "auc_roc": 0.9222253067500077,
      "f1": 0.6578073089700996,
      "precision": 0.5700575815738963,
      "recall": 0.7774869109947644
    },
    {
      "model": "TabM",
      "auc_roc": 0.8959260785239824,
      "f1": 0.6298342541436464,
      "precision": 0.6666666666666666,
      "recall": 0.5968586387434555
    }
  ],
  "tabm_config": {
    "hidden_dim": 128,
    "n_ensemble": 8,
    "dropout": 0.15,
    "lr": 0.001,
    "weight_decay": 0.01,
    "batch_size": 256,
    "epochs": 100,
    "patience": 15
  }
}