{
  "timestamp": "2026-02-01T14:50:15.888131",
  "models": [
    {
      "model": "Logistic Regression",
      "auc_roc": 0.8971972947714323,
      "f1": 0.6458797327394209,
      "precision": 0.562015503875969,
      "recall": 0.7591623036649214
    },
    {
      "model": "XGBoost",
      "auc_roc": 0.9220035975922259,
      "f1": 0.6858513189448441,
      "precision": 0.6327433628318584,
      "recall": 0.7486910994764397
    }
  ]
}