{
  "timestamp": "2026-01-27T13:46:18.969763",
  "dataset": {
    "name": "UCI Online Shoppers Purchasing Intention",
    "samples": 12330,
    "features": 17,
    "target": "Revenue",
    "test_size": 0.2
  },
  "models": [
    {
      "model": "Logistic Regression",
      "auc_roc": 0.872678648591613,
      "f1": 0.619750283768445,
      "precision": 0.5470941883767535,
      "recall": 0.7146596858638743
    },
    {
      "model": "XGBoost",
      "auc_roc": 0.9222253067500077,
      "f1": 0.6578073089700996,
      "precision": 0.5700575815738963,
      "recall": 0.7774869109947644
    }
  ]
}