{
    "DeepFM": {
        "AUC": 0.8192335520696206,
        "F1": 0.5038461538461538,
        "Precision": 0.3981762917933131,
        "Recall": 0.6858638743455497,
        "Time": 188.87016105651855
    },
    "TabM_K4": {
        "AUC": 0.8886454763794958,
        "F1": 0.5780346820809249,
        "Precision": 0.4573170731707317,
        "Recall": 0.7853403141361257,
        "Time": 276.31301712989807
    },
    "FT-Transformer": {
        "AUC": 0.7747334465536474,
        "F1": 0.4039829302987198,
        "Precision": 0.27734375,
        "Recall": 0.743455497382199,
        "Time": 405.79731702804565
    }
}