{
    "DeepFM": {
        "AUC": 0.7677668800434124,
        "Time": 17.38669514656067
    },
    "TabM_K4": {
        "AUC": 0.9231391504456794,
        "Time": 32.2877779006958
    },
    "FT-Transformer": {
        "AUC": 0.7685883972626143,
        "Time": 115.74457240104675
    }
}