{
  "benchmark_config": {
    "n_iterations": 1000,
    "n_warmup": 100,
    "cpu_threads": 1,
    "single_sample_inference": true
  },
  "results": [
    {
      "model": "Logistic Regression",
      "mean_ms": 0.3491914000169345,
      "std_ms": 0.08731406030268209,
      "p50_ms": 0.33755000004020985,
      "p95_ms": 0.5044250008722884,
      "p99_ms": 0.5967469997449371,
      "min_ms": 0.23709999913990032,
      "max_ms": 0.8202999997592997
    },
    {
      "model": "XGBoost",
      "mean_ms": 0.5029862000155845,
      "std_ms": 0.0964983163222495,
      "p50_ms": 0.46364999980141874,
      "p95_ms": 0.6817149994276406,
      "p99_ms": 0.8367699994414577,
      "min_ms": 0.4003000012744451,
      "max_ms": 1.4257999991968973
    },
    {
      "model": "TabM",
      "mean_ms": 2.184961100048895,
      "std_ms": 0.23166504381576367,
      "p50_ms": 2.14849999974831,
      "p95_ms": 2.4936850001722632,
      "p99_ms": 3.294958998922084,
      "min_ms": 1.9599000006564893,
      "max_ms": 4.556899999442976
    }
  ]
}