{
  "model": "TabM (ensemble=4)",
  "format": "ONNX",
  "validation": {
    "pytorch_auc": 0.8983733726209446,
    "pytorch_f1": 0.6575342465753424,
    "onnx_auc": 0.8983733726209446,
    "onnx_f1": 0.6575342465753424,
    "max_prob_diff": 1.4901161193847656e-07
  },
  "latency": {
    "mean_ms": 0.18336349998753576,
    "std_ms": 0.10098100395286375,
    "p50_ms": 0.16374999904655851,
    "p95_ms": 0.31021500089991605,
    "p99_ms": 0.5482010007290227
  }
}