{"mean":{"AUC":0.9019254153,"PR-AUC":0.6493015208,"Recall":0.5256544503,"F1":0.5879713083,"Brier":0.1014041016},"std":{"AUC":0.002581776,"PR-AUC":0.0203972438,"Recall":0.0380437741,"F1":0.02272238,"Brier":0.0023425266}}